News Source,Bias,Reporting,References
All That s Fab,Left,Mixed,44360
AlterNet,Left,Mixed,2607229
American Bridge 21st Century,Left,Mixed,3819
Blue Dot Daily,Left,Mixed,426
Blue Nation Review,Left,Mixed,23960
Breitbart Unmasked,Left,Mixed,20689
Code Pink,Left,Mixed,228707
Crooks and Liars,Left,Mixed,3160466
Daily Mirror,Left,Mixed,3152508
Deep Left Field,Left,Mixed,3983
DeepStateNation.com,Left,Mixed,87663
Democratic Underground,Left,Mixed,1403949
Drudge Retort,Left,Mixed,706080
Earth First Journal,Left,Mixed,88907
Economy In Crisis,Left,Mixed,0
Elite Daily,Left,Mixed,77527
Globe Today,Left,Mixed,30723
GOPOCALYPSE,Left,Mixed,0
Groopspeak,Left,Mixed,100
Happy Foxie,Left,Mixed,1433
Independent Reporter (Ir.net),Left,Mixed,21678
International Viewpoint,Left,Mixed,216112
Intrepid Report,Left,Mixed,54834
It s Going Down,Left,Mixed,99217
Jezebel,Left,Mixed,3381014
Left Over Rights,Left,Mixed,20
Left Side of History,Left,Mixed,411
Liberal America,Left,Mixed,22817
Liberal Examiner,Left,Mixed,1099
Liberals Unite (Samuel Warde),Left,Mixed,71824
Little Green Footballs,Left,Mixed,406820
Love Knowledge,Left,Mixed,0
Mean Left Hook,Left,Mixed,1608
Modern Liberals,Left,Mixed,1352
Moon of Alabama,Left,Mixed,263721
Move On,Left,Mixed,460486
Nap-Sack,Left,Mixed,10
Nation of Change,Left,Mixed,132382
News Corpse,Left,Mixed,12713
NewsHounds,Left,Mixed,772689
NewsLogue,Left,Mixed,6145
Nova Magazine,Left,Mixed,46
OpEdNews (OEN),Left,Mixed,509866
Palmer Report,Left,Mixed,29004
Popular Resistance,Left,Mixed,140199
Progressive Liberal,Left,Mixed,6791
Proud Democrat,Left,Mixed,3952
Rappler,Left,Mixed,523496
Raw Progressive,Left,Mixed,6
Raw Story,Left,Mixed,2178657
Reader Supported News (RSN),Left,Mixed,217307
Red Youth,Left,Mixed,3772
Republicans Suck,Left,Mixed,5001
Revcom.us,Left,Mixed,47655
Right Wing Watch,Left,Mixed,601283
Shareblue,Left,Mixed,75660
Sparks/CnnTimes,Left,Mixed,0
Splinter,Left,Mixed,2585732
Syriana Analysis,Left,Mixed,689
TeleSUR,Left,Mixed,2136424
The Blue Route,Left,Mixed,10
The Democratic Hub,Left,Mixed,5904298
The Florida Squeeze,Left,Mixed,6473
The New Civil Rights Movement,Left,Mixed,543097
The Progressive Frontier,Left,Mixed,2397
TheosWatch.com,Left,Mixed,1424
Think Progress,Left,Mixed,3294172
Towleroad,Left,Mixed,1004715
Truth Out,Left,Mixed,743225
Vermont Independent,Left,Mixed,138
Viral Title,Left,Mixed,34
Washington Press,Left,Mixed,54726
Washington Sources,Left,Mixed,128232
Who.What.Why,Left,Mixed,183671
Wonkette,Left,Mixed,8300011
Workers World,Left,Mixed,169552
Act.TV,Left,High,11142
Advocate,Left,High,471075
Akkadian Times,Left,High,891
Amandla,Left,High,5125
AmericaBlog,Left,High,1287708
The American Independent Institute,Left,High,2218
American United for Separation of Church and State,Left,High,316240
Angry White Men,Left,High,26368
AutoStraddle,Left,High,230802
Bay Area Reporter,Left,High,75994
Being Liberal,Left,High,19454
Bitch Media,Left,High,9607
Black Agenda Report,Left,High,169143
Boing Boing,Left,High,4033724
Bust Magazine,Left,High,490163
Canadian Dimension,Left,High,18336
Carbonated TV,Left,High,43266
Center for American Progress,Left,High,571441
Center for Media and Democracy (PR Watch),Left,High,503644
Change.org,Left,High,1701909
Chicago Reader,Left,High,1004631
Chronicles of Democracy,Left,High,3
Citizen Critics,Left,High,9
Common Dreams,Left,High,1924967
Cosmopolitan,Left,High,752435
CounterCurrents.org,Left,High,198115
CounterPunch,Left,High,1811577
CrimethInc,Left,High,148763
Crooked Media,Left,High,26069
Current Affairs Magazine,Left,High,14295
Curve Magazine,Left,High,44804
Daily Dot,Left,High,213640
Dallas Voice,Left,High,144428
Dead State,Left,High,21834
Deadspin,Left,High,3926154
DeathandTaxes,Left,High,230151
Democracy Chronicles,Left,High,15040
Democracy Now,Left,High,2449428
DeSmog,Left,High,309666
Dissent Magazine,Left,High,303955
EgbertoWillies,Left,High,38044
Electoral-Vote.com,Left,High,657244
Electronic Intifada,Left,High,613384
Elisabeth Parker,Left,High,4886
Esquire Magazine,Left,High,567973
Everyday Feminism,Left,High,16099
Evonomics,Left,High,63618
Fifth Estate,Left,High,39136
Filming Cops,Left,High,19802
First Post,Left,High,4574049
Free Press,Left,High,80170
Free Rein News,Left,High,3
FStv (freespeech.org),Left,High,206764
Gizmodo,Left,High,7970604
Good Magazine,Left,High,286692
GQ Magazine,Left,High,2704858
Greenville Gazette,Left,High,10177
Guardian Liberty Voice,Left,High,317476
Guardians of Democracy,Left,High,10549
Human Rights Campaign (HRC),Left,High,380551
In Defence of Marxism,Left,High,339676
In These Times,Left,High,983091
Inequality Media,Left,High,16341
Informed Comment,Left,High,2886263
Institute for Policy Studies,Left,High,322899
Jacobin,Left,High,251827
Lavender Magazine,Left,High,40667
Left Action,Left,High,5274
Left Foot Forward,Left,High,276357
Left Voice,Left,High,4599839
LGBTQ Nation,Left,High,1300288
Libcom.org,Left,High,325062
Liberation News,Left,High,65675
Mashable,Left,High,3460801
Media Matters,Left,High,2275639
Mediaite,Left,High,1012015
Miami New Times,Left,High,192007
Mondoweiss,Left,High,790136
Mother Jones,Left,High,1700824
Ms. (Magazine),Left,High,140604
New Internationalist,Left,High,1002111
New Politics Magazine,Left,High,63960
New Republic,Left,High,1552735
New Statesman,Left,High,323174
New York Magazine,Left,High,6832937
New Yorker,Left,High,3182764
North99,Left,High,371
Now Magazine,Left,High,152509
Paste Magazine,Left,High,685193
People for the American Way (PFAW),Left,High,249823
People Magazine,Left,High,2244344
PINAC,Left,High,186650
Pink News,Left,High,112422
PoliticusUSA,Left,High,451724
Press Progress,Left,High,1247
Progressive Army,Left,High,25617
Project Censored,Left,High,1332222
PutinTrump.org,Left,High,825
Queerty,Left,High,1905543
Rabble.ca,Left,High,356943
Reading the Pictures,Left,High,265929
The Reality-Based Community,Left,High,812662
Red Pepper,Left,High,132206
Red State Disaster,Left,High,3
Reverb Press,Left,High,348031
Revolution News,Left,High,0
Rewire,Left,High,224044
Ring of Fire,Left,High,103189
Salon,Left,High,2645696
Scary Mommy,Left,High,242070
Shadow Proof,Left,High,2178662
Slate,Left,High,3070380
Socialist Standard,Left,High,90736
SourceWatch,Left,High,152492
St. Pete for Peace,Left,High,82
TakePart,Left,High,62721
Talking Points Memo,Left,High,5942148
The American Prospect,Left,High,723260
The Burning Spear,Left,High,6601
The Canary (UK),Left,High,50785
The Climate Reality Project,Left,High,184691
The Daily Banter,Left,High,153604
The Daily Vox,Left,High,30944
The Establishment,Left,High,9474
The Frisky,Left,High,176904
The Intellectualist,Left,High,1040
The Mary Sue,Left,High,356290
The Militant,Left,High,42457
The National Memo,Left,High,91199
The Outline,Left,High,25366
The Palestine Chronicle,Left,High,222228
The Progressive,Left,High,322310
The Village Voice,Left,High,1051117
The Walrus,Left,High,32447
The Young Turks,Left,High,56183
TheGrio,Left,High,329071
This Magazine,Left,High,26308
Tribune Magazine UK,Left,High,34468
Truth Against the Machine,Left,High,0
Truthdig,Left,High,1590563
Upworthy,Left,High,50670
Vanity Fair,Left,High,1682703
Verified Politics,Left,High,30402
Washington Journal (Not C-Span),Left,High,5782
Washington Monthly,Left,High,3134232
Wear Your Voice,Left,High,1254
What Matters News,Left,High,1227
The World Can t Wait,Left,High,7300
World Socialist Web Site,Left,High,32516198
Yes Magazine,Left,High,190489
Z Magazine,Left,High,60566
Affinity Magazine,Left-Center,Mixed,17956
BlastingNews,Left-Center,Mixed,274828
Citizens for Legitimate Government (CLG News),Left-Center,Mixed,1616692
Dutch Review,Left-Center,Mixed,9348
Egyptian Streets,Left-Center,Mixed,27146
Euractiv,Left-Center,Mixed,735793
The Fifth Column,Left-Center,Mixed,74886
Fusion,Left-Center,Mixed,131084
Health Magazine,Left-Center,Mixed,2074639
Independent Media Center,Left-Center,Mixed,4145085
Kurdistan 24,Left-Center,Mixed,7474
Medium,Left-Center,Mixed,2929801
San Francisco Globe,Left-Center,Mixed,37311
ScoopWhoop,Left-Center,Mixed,14914
Second Nexus,Left-Center,Mixed,1099
The Odyssey Online,Left-Center,Mixed,822574
UAWire,Left-Center,Mixed,27392
Yahoo News,Left-Center,Mixed,115404350
Above the Law,Left-Center,High,413582
Aeon,Left-Center,High,164164
African Arguments,Left-Center,High,60054
Akron Beacon Journal,Left-Center,High,1142054
Al-Hayat,Left-Center,High,235363
Al Monitor,Left-Center,High,71775
Alan Guttmacher Institute,Left-Center,High,45258
Alaska Dispatch News,Left-Center,High,289068
Albany Times-Union,Left-Center,High,1113673
Allied Progress,Left-Center,High,552
AM New York,Left-Center,High,1817835
American Civil Liberties Union (ACLU),Left-Center,High,1580537
Anti-Defamation League,Left-Center,High,1474482
AOL,Left-Center,High,27728715
Ara News,Left-Center,High,75946
Arizona Daily Star,Left-Center,High,1704393
Asheville Citizen-Times,Left-Center,High,1325464
Atlanta Black Star,Left-Center,High,230405
Atlanta Journal-Constitution,Left-Center,High,6982204
Atlantic Media,Left-Center,High,32794
ATTN:,Left-Center,High,14815
Austin American-Statesman,Left-Center,High,2785957
BackChannel,Left-Center,Very High,4432
Baptist News Global,Left-Center,High,12979
Beijing Review,Left-Center,High,152855
BillMoyers.com,Left-Center,Very High,226341
Bluestem Prairie,Left-Center,High,18754
Boy Genius Report (BGR),Left-Center,High,1023291
Brookings Institute,Left-Center,Very High,916884
Buffalo News,Left-Center,High,160034
Bustle Magazine,Left-Center,High,294942
Calgary Herald,Left-Center,High,644628
Caribbean Life News,Left-Center,High,46514
Carolina Public Press,Left-Center,High,48929
CCTV America,Left-Center,High,1927
Center for International Policy,Left-Center,Very High,238489
Center for Popular Democracy,Left-Center,High,12847
Charlotte Observer,Left-Center,High,1623797
Chicago Sun Times,Left-Center,High,743462
Citizens for Tax Justice,Left-Center,High,18842
Citizens for Responsibility and Ethics in Washington (CREW),Left-Center,High,150647
Clean Technica,Left-Center,Very High,206027
Columbia Journalism Review,Left-Center,High,655021
Committee to Investigate Russia,Left-Center,High,6550
Common Cause,Left-Center,High,156536
Commonweal Magazine,Left-Center,High,62118
Commonwealth Fund,Left-Center,High,44669
Council for the National Interest,Left-Center,High,141064
Credo Action,Left-Center,High,29354
Crosscut.com,Left-Center,High,83817
CTV News,Left-Center,High,1786635
Daily Hive,Left-Center,High,107030
Deadline Hollywood,Left-Center,High,1478610
Delaware Online   The News Journal,Left-Center,High,1290204
Democracy 21,Left-Center,High,82428
Democrat and Chronicle,Left-Center,High,1377631
Demos,Left-Center,High,134410
Denver Post,Left-Center,High,1951696
Detroit Free Press,Left-Center,High,1748984
Die Zeit,Left-Center,High,837000
Digg,Left-Center,High,28112717
DiversityInc,Left-Center,High,74956
Dutch Daily News,Left-Center,High,5610
DW News,Left-Center,High,4681143
EarthJustice,Left-Center,High,111920
East Bay Times,Left-Center,High,1060550
Economic Policy Institute,Left-Center,High,493364
Economics.Help,Left-Center,High,12682
Edmonton Journal,Left-Center,High,550969
El Pais,Left-Center,High,12086157
El Paso Times,Left-Center,High,109740
Electronic Frontier Foundation,Left-Center,High,9132576
Emirates 24/7,Left-Center,High,1150245
Empty Wheel,Left-Center,High,329336
Engadget,Left-Center,High,5858093
EU Observer,Left-Center,High,316111
Exposing the Truth,Left-Center,High,490
Factbox.TV,Left-Center,High,432
Fact / Myth,Left-Center,High,1608
FairVote,Left-Center,High,253043
Fast Company Magazine,Left-Center,High,781183
Feminist Frequency,Left-Center,High,23308
Fight for the Future,Left-Center,High,44004
FiveThirtyEight,Left-Center,High,1876688
France24,Left-Center,High,2321515
Freakonomics Radio,Left-Center,High,665692
Free Press,Left-Center,High,534597
Fresno Bee,Left-Center,High,1315574
Gay Star News,Left-Center,High,55636
Geopolitics Alert,Left-Center,High,49192
Glamour Magazine,Left-Center,High,2468579
Global News,Left-Center,High,819128
Global Post,Left-Center,High,3398679
Global Times (China),Left-Center,High,2933360
Governing Magazine,Left-Center,High,160930
Greentech Media,Left-Center,High,170212
Grist,Left-Center,High,860540
Haaretz,Left-Center,High,6814857
Harper s Magazine,Left-Center,High,623535
HealthyWay,Left-Center,High,3876
Heavy,Left-Center,High,552730
Helsinki Times,Left-Center,High,109070
Highline,Left-Center,High,3396116
History News Network,Left-Center,High,314872
Hollywood Reporter,Left-Center,High,3450552
Honolulu Star-Advertiser,Left-Center,High,973343
Human Rights Watch,Left-Center,High,1446131
Humanium,Left-Center,High,7434
Ice News,Left-Center,High,53975
Indianapolis Star,Left-Center,High,869820
Inside Higher Ed,Left-Center,High,1446533
Inside Philanthropy,Left-Center,High,2950
InsideClimate News,Left-Center,High,243176
Institute on Taxation and Economic Policy (ITEP),Left-Center,High,21466
International Center for Research on Women,Left-Center,High,55326
International Crisis Group,Left-Center,High,263490
iPolitics,Left-Center,High,122156
Joint Center for Political and Economic Studies,Left-Center,High,34852
Journal of Politics and Society,Left-Center,Very High,655
KMOV,Left-Center,High,152510
Knight Foundation,Left-Center,High,1990062
KOCO News 5,Left-Center,High,78812
KUOW NPR,Left-Center,High,100922
LA Times (Los Angeles Times),Left-Center,High,15146071
Latin Times,Left-Center,High,55289
Law Newz,Left-Center,High,27263
Lawfare Blog,Left-Center,High,1371084
Left Justified,Left-Center,High,5776
National Monitor,Left-Center,High,14145
Lethbridge Herald,Left-Center,High,272179
Lexington Herald Leader,Left-Center,High,811242
Liberal Mountain,Left-Center,High,2417
Lifehacker,Left-Center,High,7210265
LiveLeak,Left-Center,High,2089490
Maclean s Magazine,Left-Center,High,639780
Maine Beacon,Left-Center,High,2948
MediaFile,Left-Center,High,5225
Metro UK,Left-Center,High,5465053
Metro,Left-Center,High,571625
Miami Herald,Left-Center,High,3460027
Mic,Left-Center,High,199547
Migration Policy Institute,Left-Center,High,79346
Milwaukee Journal-Sentinel,Left-Center,High,382971
Minneapolis Star Tribune,Left-Center,High,1511463
Minnesota Public Radio (MPR),Left-Center,High,325808
Mongabay,Left-Center,High,154367
Monthly Review,Left-Center,High,350420
Montreal Gazette,Left-Center,High,742114
Morning Consult,Left-Center,High,48157
Moscow Times,Left-Center,High,585137
Mother Nature Network,Left-Center,High,552432
MWC News   Media With Conscience,Left-Center,High,425090
Naked Capitalism,Left-Center,High,1689205
National Center for Transgender Equality (NCTE),Left-Center,High,23637
National Newswatch,Left-Center,High,71456
National Observer (Canada),Left-Center,High,24211
National Youth Rights Association,Left-Center,High,10761
Natural Resource Governance Institute,Left-Center,High,266814
Natural Resources Defense Council,Left-Center,High,482219
NC Policy Watch,Left-Center,High,85909
Need 2 Know,Left-Center,High,5397
New England Cable News (NECN),Left-Center,High,134945
New Europe,Left-Center,High,72874
New Left Review,Left-Center,High,439342
New Matilda,Left-Center,High,251042
New Moderate,Left-Center,High,23567
News and Guts,Left-Center,High,1044
News Channel 4 (KFOR.com),Left-Center,High,197705
News.com.au,Left-Center,High,14350902
Newsday,Left-Center,High,2111593
Newser,Left-Center,High,612289
NewsOne,Left-Center,High,198224
Newsy,Left-Center,High,377110
Oil and Water Don t Mix,Left-Center,High,957
openDemocracy,Left-Center,High,559932
Opposing Views,Left-Center,High,1227644
Outside The Beltway,Left-Center,High,1254210
Ozy Media,Left-Center,High,406209
PanAm Post,Left-Center,High,34250
Patriotic Millionaires,Left-Center,High,19718
PBS News Hour,Left-Center,High,8983384
Philadelphia Inquirer,Left-Center,High,5498197
Philippine Daily Inquirer,Left-Center,High,222116
Politics That Work,Left-Center,High,3723
Population Connection,Left-Center,High,34978
Portland Press-Herald,Left-Center,High,453489
Public Citizen,Left-Center,High,209136
Quartz,Left-Center,High,487533
Radio Free Asia,Left-Center,High,435638
Raleigh News and Observer,Left-Center,High,1432349
RationalWiki,Left-Center,High,13377
Real News Network,Left-Center,High,537254
Religion News Service (RNS),Left-Center,High,231073
Reveal   Center for Investigative Reporting,Left-Center,High,152890
Right Web,Left-Center,High,36967
Rolling Stone,Left-Center,High,2652584
Roosevelt Institute,Left-Center,High,32803
Rudaw,Left-Center,High,14335
Sacramento Bee,Left-Center,High,1812488
Salt Lake Tribune,Left-Center,High,781832
San Francisco Chronicle,Left-Center,High,1357335
San Jose Mercury News,Left-Center,High,1550090
Santa Barbara Independent,Left-Center,High,165327
Seattle Post-Intelligencer,Left-Center,High,230799
Seattle Times,Left-Center,High,1707365
Sentencing Project,Left-Center,High,104758
SFGate,Left-Center,High,3401015
Shame Project,Left-Center,High,2805
Sky News,Left-Center,High,3664372
Sojourners (Soho),Left-Center,High,355711
SooToday.com,Left-Center,High,317622
Southern Poverty Law Center,Left-Center,High,1607605
Special Broadcasting Service (SBS),Left-Center,High,1001884
Spiegel Online,Left-Center,High,8560806
Star-Ledger,Left-Center,High,7961534
Staten Island Advance,Left-Center,High,2629802
StopFake,Left-Center,High,83199
Tampa Bay Times,Left-Center,High,1274355
Tax Policy Center,Left-Center,High,1291187
TechCrunch,Left-Center,High,3298282
The Age (Australia),Left-Center,High,6663533
The Automatic Earth,Left-Center,High,395286
The Baffler,Left-Center,High,88477
The Center on Budget and Policy Priorities,Left-Center,High,287537
The Century Foundation,Left-Center,High,45489
The Chicago Reporter,Left-Center,High,2266
The Christian Left,Left-Center,High,18113
The Courier-Journal,Left-Center,High,1038667
The Daily Climate,Left-Center,High,75754
The Daily Tarheel,Left-Center,High,158089
The Economic Times,Left-Center,High,4226728
The Forward,Left-Center,High,341664
The Hindu,Left-Center,High,6
(The) Interpreter Magazine,Left-Center,High,72153
The Irish Times,Left-Center,High,1963074
The Irrawaddy,Left-Center,High,217235
The Journal News,Left-Center,High,957408
The Local (Norway),Left-Center,High,921378
The Monthly (Australia),Left-Center,High,73576
The Nation Institute,Left-Center,High,76636
The New Arab,Left-Center,High,406570
The News Tribune,Left-Center,High,620446
The Oslo Times,Left-Center,High,130814
The Patriot-News,Left-Center,High,2507827
The Plain Dealer,Left-Center,High,6358632
The Providence Journal,Left-Center,High,1649506
The Pulse,Left-Center,High,101
The Record (New Jersey),Left-Center,High,204728
The Saturday Paper,Left-Center,High,294581
The Stranger,Left-Center,High,3744866
The Sun Magazine,Left-Center,High,31505
The Sydney Morning Herald,Left-Center,High,8428105
The Tab,Left-Center,High,25810
The Times-Picayune,Left-Center,High,2015475
The Trace,Left-Center,High,10802
The Tyee,Left-Center,High,207173
The Varsity,Left-Center,High,27687
The Verge,Left-Center,High,1771117
The Virginian-Pilot,Left-Center,High,209021
The Week,Left-Center,High,1637679
The Wilderness Society,Left-Center,High,720891
The Wire   India,Left-Center,High,218050
The Zero Hour,Left-Center,High,3512
Thomson Reuters Foundation,Left-Center,High,486825
Times of Israel,Left-Center,High,901276
To Inform is to Influence,Left-Center,High,4968
Unicorn Riot,Left-Center,High,15406
United Federation of Teachers (UFT),Left-Center,High,218363
University Business,Left-Center,High,54779
Urban Institute,Left-Center,High,727611
US News World Report,Left-Center,High,1220471
VoteVets.org,Left-Center,High,76668
Vulture,Left-Center,High,7038793
Wall Street on Parade,Left-Center,High,185677
WGN News,Left-Center,High,233852
Windsor Star,Left-Center,High,376673
WNYC,Left-Center,High,513137
World Affairs Journal,Left-Center,High,2215017
World Policy Institute,Left-Center,High,42659
YnetNews,Left-Center,High,235259
York Daily Record,Left-Center,High,83630
BackChannel,Left-Center,Very High,4432
BillMoyers.com,Left-Center,Very High,226341
Brookings Institute,Left-Center,Very High,916884
Center for International Policy,Left-Center,Very High,238489
Clean Technica,Left-Center,Very High,206027
Journal of Politics and Society,Left-Center,Very High,655
Memeorandum,Least,Mixed,2913297
NewsNow (UK),Least,Mixed,1921522
OneEighty,Least,Mixed,1934
Patheos,Least,Mixed,825538
Spectrum Report,Least,Mixed,51448
TheWrap,Least,Mixed,861973
Viral Thread,Least,Mixed,61326
ABC News Australia,Least,High,5161666
Africa News,Least,High,1052627
Agerpres,Least,High,2482230
Airwars,Least,High,26983
Al Arabiya,Least,High,1164174
Al Bawaba,Least,High,705193
Al Majalla,Least,High,1316
Alabama Today,Least,High,1172
Albuquerque Journal,Least,High,351450
AllGov,Least,Very High,170809
Alliance for Securing Democracy,Least,High,1688
American Heritage,Least,High,113136
Amnesty International,Least,High,2165942
Asharq Al-Awsat,Least,High,33937
Atlantic Council,Least,High,208343
Ballotpedia,Least,Very High,47397
Bbarta24,Least,High,208271
BDNews24,Least,High,1230994
Bellingcat,Least,High,89697
Big Think,Least,Very High,443218
BNO News,Least,High,856
Bridge Magazine,Least,High,24027
Bulletin of the Atomic Scientists,Least,Very High,157904
Bullshido,Least,High,592931
Business 2 Community,Least,High,28655
C-Span,Least,Very High,5131998
Capitol Fax,Least,High,175727
Carnegie Endowment for International Peace,Least,Very High,873736
Castanet,Least,High,1461615
Center for Democracy and Technology,Least,High,116195
Center for a New American Security,Least,High,50416
Center for Advanced Defense Studies,Least,Very High,1562
Center for Global Development,Least,Very High,144030
Center for Inquiry,Least,Very High,174805
Center for Public Integrity,Least,Very High,437015
Center for Responsive Politics (Open Secrets),Least,Very High,4133955
Center for Strategic and International Studies,Least,Very High,272024
China Daily,Least,High,24118635
Christian Science Monitor,Least,High,2327279
Committee for a Responsible Federal Budget,Least,Very High,7569
Committee for Economic Development,Least,High,70139
Committee to Protect Journalists,Least,Very High,258342
Conflict News,Least,High,236
Congress.gov,Least,Very High,2349717
Congressional Budget Office (CBO),Least,Very High,257179
Anthropocene Magazine,Least,Very High,14409
Consortium News,Least,High,1322170
Constitution Project,Least,High,6392
Consumer Reports,Least,High,561267
Consumerist,Least,High,561644
Cook Political Report,Least,High,149104
Countable News,Least,High,9272
Courthouse News Service,Least,High,282412
Crimeola,Least,High,5986
Daily Business Review,Least,High,45664
Daily Record,Least,High,424088
The Defcon Warning System,Least,High,25987
Defense One,Least,High,136230
DifferenceBetween.net,Least,Very High,34488
Doctors Without Borders,Least,High,468794
DPA German Press Agency,Least,High,2562
Earth Institute,Least,High,40399
EJ Insight (EJI),Least,High,623751
Eurasia Group,Least,High,125689
Eurasia Review,Least,High,149453
Euronews,Least,High,1017937
Every CRS Report,Least,Very High,23997
FactsCan,Least,Very High,552
Fair Observer,Least,High,43905
Federal Times,Least,High,199081
Financial Express,Least,High,2798447
Financial Times,Least,High,6370756
First Draft News,Least,High,9908
Foreign Affairs,Least,High,440175
Foreign Policy,Least,High,877656
Free Wheel Media,Least,High,1458
Freedom From Religion Foundation (FFRF),Least,High,326476
Full Fact (UK),Least,Very High,54613
Gallup,Least,Very High,369850
Gears of Biz,Least,High,0
Global Integrity,Least,High,30054
Global Slavery Index,Least,Very High,16691
GoodNewsNetwork,Least,High,113786
Government Executive,Least,High,184523
GovTrack,Least,Very High,605615
Harvard Gazette,Least,High,3257
Harvard Political Review,Least,High,16024
Healthcare Finance News,Least,High,169337
Hoax Slayer,Least,Very High,125171
I24 News,Least,High,10436
ICitizen,Least,High,7829
IHS Janes 360,Least,High,483346
Independent Voter Network (IVN),Least,High,45540
Institute for Women s Policy Research (IWPR),Least,High,17757
International Consortium of Investigative Journalists,Least,Very High,824952
International Energy Agency (IEA),Least,High,933183
International Organization,Least,Very High,90384
International Press Institute,Least,Very High,21595
International Rescue Committee (IRC),Least,High,133106
Investigative Reporters and Editors,Least,Very High,295246
Investopedia,Least,High,631638
JStor Daily,Least,Very High,35584
Just Security,Least,High,147523
Know Your Meme,Least,High,3140480
Lead Stories,Least,Very High,3508882
Lima Charlie News,Least,High,4080
ListVerse,Least,High,115248
Maplight,Least,Very High,261438
MarketWatch,Least,High,8631967
MediaShift,Least,High,152473
Mental Floss,Least,High,608288
MercoPress,Least,High,184620
Merion West,Least,High,1685
Metabunk,Least,High,20252
Military.com,Least,High,622830
National Bureau of Economic Research (NBER),Least,High,355013
National Institute on Money in State Politics,Least,High,263792
National Journal,Least,High,783306
NationMaster,Least,Very High,141765
New America,Least,High,414282
New Bern Sun Journal,Least,High,31539
The News Literacy Project,Least,High,4481
News Lookup,Least,High,508615
News24 (South Africa),Least,High,1480294
Newsela,Least,High,217138
Next Avenue,Least,High,177853
NextGov,Least,High,205272
NHK World,Least,High,29620
Niskanen Center,Least,High,3885
NK News,Least,High,67281
No Labels,Least,High,21533
Noozhawk,Least,High,175846
Novinite,Least,High,1282124
Open the Government,Least,High,47296
Oyez Project,Least,Very High,144950
Parallax News (PXW),Least,High,234
Peterson Foundation,Least,High,41102
Peterson Institute for International Economics,Least,High,193574
Pew Research,Least,Very High,825502
Political Storm,Least,High,3809
Political Storm,Least,High,464
Polygraph.info,Least,Very High,28981
PR Newswire,Least,High,104
ProCon.org,Least,High,120725
Project Syndicate,Least,High,855285
Recode,Least,High,533345
Relevant Magazine,Least,High,288759
Reporters Lab,Least,Very High,1572
Reporters Without Borders,Least,High,551718
Represent.Us,Least,High,43920
Roll Call,Least,Very High,1954696
Russian Media Monitor,Least,High,462
Sayfie Review,Least,High,138140
Science Debate,Least,Very High,4733
Scoopnest,Least,High,6879509
SCOTUSblog,Least,High,1504190
Shareably,Least,High,1500
Simple Politics,Least,High,1054
South China Morning Post,Least,High,1691823
St. Cloud Times,Least,High,662515
Stars and Stripes,Least,High,373851
Stat (News),Least,High,134096
Stimson Center,Least,High,326
Stock News USA,Least,High,22342
StrategyPage,Least,High,523026
Stratfor,Least,High,837784
Sunlight Foundation,Least,Very High,1186251
Taipei Times,Least,High,2405316
Task and Purpose,Least,High,26885
Texas Standard,Least,High,138094
Texas Tribune,Least,High,362837
That s Nonsense,Least,High,7228
The Australian Financial Review,Least,High,3321797
The Balance,Least,High,52559
The Bangkok Post,Least,High,4011840
The Belfer Center for Science and International Affairs,Least,High,388752
The Bureau of Investigative Journalism,Least,High,66307
The China Post,Least,High,1467212
The Cipher Brief,Least,High,12497
The Conversation,Least,High,498972
The Diplomat Magazine,Least,High,307668
The Fake News Codex,Least,High,269
The Humanist Magazine,Least,High,45876
The Indian Express,Least,High,2904332
The Jakarta Post,Least,High,1055424
The Jerusalem Post,Least,High,4373371
The Jordan Times,Least,High,645496
The Knife,Least,High,204
The Marshall Project,Least,High,70075
The Meme Policeman,Least,High,2082
The Middle East in London,Least,High,674498
The News (Mexico City),Least,High,646814
The Observatory,Least,High,21342
The Outlook (Monmouth University),Least,High,12200
The Pantagraph,Least,High,33381
The Skimm,Least,High,55247
The Sociable,Least,High,16190
The Strategy Bridge,Least,High,2358
The Swedish Wire,Least,High,12456
The TruthSetter,Least,High,26
TheJournal.ie,Least,High,2031867
Third Way,Least,High,37212
ThoughtCo,Least,Very High,99819
Times of San Diego,Least,High,6694
Today I Found Out,Least,High,63094
Transparency International,Least,Very High,809602
Transpartisan Review,Least,High,38
True Viral News,Least,High,369670
Truth Be Told,Least,High,406
TruthOrFiction.com,Least,Very High,104752
Turkey and Facts (Dogruluk Payi),Least,Very High,6
TVW Washington State,Least,High,1525361
Undark,Least,High,10737
United Press International (UPI),Least,High,2137820
United States House of Representatives (House.gov),Least,Very High,3868308
US Government Accountability Office (GAO),Least,High,175183
USA Facts,Least,Very High,4581
USA Spending,Least,Very High,585238
Utah Standard-Examiner,Least,High,79491
Vocativ,Least,High,25139
Voice of America,Least,High,2820342
Voice of San Diego,Least,High,202771
Vos Iz Neias,Least,High,710662
Vote Smart,Least,High,3010230
War on the Rocks,Least,High,68233
We Are The Mighty,Least,High,18264
WikiNews,Least,High,81242
Wikipedia,Least,High,73298892
WikiTribune,Least,High,31461
Woodrow Wilson International Center for Scholars,Least,Very High,163619
World Economic Forum,Least,High,996993
World News,Least,High,2026611
World Politics Review,Least,High,130695
World Press Review,Least,Very High,27594
AllGov,Least,Very High,170809
Ballotpedia,Least,Very High,47397
Big Think,Least,Very High,443218
Bulletin of the Atomic Scientists,Least,Very High,157904
C-Span,Least,Very High,5131998
Carnegie Endowment for International Peace,Least,Very High,873736
Center for Advanced Defense Studies,Least,Very High,1562
Center for Global Development,Least,Very High,144030
Center for Inquiry,Least,Very High,174805
Center for Public Integrity,Least,Very High,437015
Center for Responsive Politics (Open Secrets),Least,Very High,4133955
Center for Strategic and International Studies,Least,Very High,272024
Committee for a Responsible Federal Budget,Least,Very High,7569
Committee to Protect Journalists,Least,Very High,258342
Congress.gov,Least,Very High,2349717
Congressional Budget Office (CBO),Least,Very High,257179
Anthropocene Magazine,Least,Very High,14409
DifferenceBetween.net,Least,Very High,34488
Every CRS Report,Least,Very High,23997
FactsCan,Least,Very High,552
Full Fact (UK),Least,Very High,54613
Gallup,Least,Very High,369850
Global Slavery Index,Least,Very High,16691
GovTrack,Least,Very High,605615
Hoax Slayer,Least,Very High,125171
International Consortium of Investigative Journalists,Least,Very High,824952
International Organization,Least,Very High,90384
International Press Institute,Least,Very High,21595
Investigative Reporters and Editors,Least,Very High,295246
JStor Daily,Least,Very High,35584
Lead Stories,Least,Very High,3508882
Maplight,Least,Very High,261438
NationMaster,Least,Very High,141765
Oyez Project,Least,Very High,144950
Pew Research,Least,Very High,825502
Polygraph.info,Least,Very High,28981
Reporters Lab,Least,Very High,1572
Roll Call,Least,Very High,1954696
Science Debate,Least,Very High,4733
Sunlight Foundation,Least,Very High,1186251
ThoughtCo,Least,Very High,99819
Transparency International,Least,Very High,809602
TruthOrFiction.com,Least,Very High,104752
Turkey and Facts (Dogruluk Payi),Least,Very High,6
United States House of Representatives (House.gov),Least,Very High,3868308
USA Facts,Least,Very High,4581
USA Spending,Least,Very High,585238
Woodrow Wilson International Center for Scholars,Least,Very High,163619
World Press Review,Least,Very High,27594
Anti-War,Right-Center,Mixed,613122
Campaign for Liberty,Right-Center,Mixed,5567
Franklin Center for Government and Public Integrity,Right-Center,Mixed,52748
Hoover Institution,Right-Center,Mixed,267881
Human Progress,Right-Center,Mixed,156783
London Broadcasting Company (LBC),Right-Center,Mixed,41645
Lynx Media,Right-Center,Mixed,5340
Mises Daily,Right-Center,Mixed,1614267
News Heist,Right-Center,Mixed,65
Newsline,Right-Center,Mixed,173418
Russia Insider,Right-Center,Mixed,36624
Sputnik News,Right-Center,Mixed,2420062
The EC Journal,Right-Center,Mixed,51
WikiLeaks,Right-Center,Mixed,443733
9 News (Australia),Right-Center,High,729880
AL.com (Alabama News),Right-Center,High,3170681
American Action Forum,Right-Center,High,9218
American Council on Science and Health,Right-Center,High,93893
American Firearms Institute,Right-Center,High,1684
American Foreign Policy Council (AFPC),Right-Center,High,45141
Americas Quarterly,Right-Center,High,176769
Arab News,Right-Center,High,1012913
Arizona Republic,Right-Center,High,3575782
Arkansas Democrat-Gazette,Right-Center,High,1363101
Armstrong Economics,Right-Center,High,167752
Bipartisan Policy Center,Right-Center,High,15510
Breaking Defense,Right-Center,High,17185
Breakthrough Institute,Right-Center,High,67181
Calgary Sun,Right-Center,High,621876
California Political Review,Right-Center,High,104017
Canadian Jewish News (CJN),Right-Center,High,40703
Canadian Taxpayers Federation,Right-Center,High,35628
Cato Institute,Right-Center,High,1746113
Center for a Stateless Society,Right-Center,High,133516
Center for the National Interest,Right-Center,High,121117
Check Your Fact,Right-Center,High,2688
Christianity Today,Right-Center,High,659223
Circa News,Right-Center,High,1397178
Colorado Springs Gazette,Right-Center,High,169351
Columbia Daily Herald,Right-Center,High,36080
Columbus Dispatch,Right-Center,High,1030072
Communities Digital News,Right-Center,High,9191
Competitive Enterprise Institute,Right-Center,High,283022
Council on Foreign Relations,Right-Center,High,556325
Daily Telegraph,Right-Center,High,9630745
Dallas Morning News,Right-Center,High,3282252
Deseret News,Right-Center,High,1025997
Desert Sun,Right-Center,High,616847
Detroit News,Right-Center,High,1454298
Downsizing the Federal Government,Right-Center,High,101674
Edmonton Sun,Right-Center,High,504668
Ethics and Public Policy Center (EPPC),Right-Center,High,47770
Financial Post,Right-Center,High,373252
FitsNews,Right-Center,High,97803
Florida Times-Union,Right-Center,High,514808
Foreign Policy Initiative,Right-Center,High,33861
Foreign Policy Research Institute,Right-Center,Very High,51077
Fortnightly Review,Right-Center,High,12708
Fortune Magazine,Right-Center,High,785329
Foundation for Economic Education,Right-Center,High,964942
Fraser Institute,Right-Center,High,153356
Freedom House,Right-Center,High,398836
Group of Thirty,Right-Center,High,699
Gulf News,Right-Center,High,967012
Herald-Sun,Right-Center,High,2274735
Heterodox Academy,Right-Center,High,252153
High Point Enterprise,Right-Center,High,3050
Honest Reporting,Right-Center,High,211336
Institute for Humane Studies,Right-Center,High,17249
Irish Independent,Right-Center,High,878733
Israel Hayom,Right-Center,High,52987
ITV News,Right-Center,High,1638517
Japan Today,Right-Center,High,301478
Just Facts,Right-Center,High,3364
Learn Liberty,Right-Center,High,69135
Lexington Institute,Right-Center,High,16621
Liberty Viral,Right-Center,High,0
London Evening Standard,Right-Center,High,3933787
Mackinac Center for Public Policy,Right-Center,High,2559495
Manhattan Institute for Policy Research,Right-Center,High,152162
Military Times,Right-Center,High,1651877
MyNorthwest,Right-Center,High,162866
National Interest,Right-Center,High,386542
National Post,Right-Center,High,1734239
News Rescue,Right-Center,High,27840
NTD.TV (New Tang Dynasty),Right-Center,High,2367734
Oil Price,Right-Center,High,1622614
Orange County Register,Right-Center,High,1122755
Oregonian,Right-Center,High,5257027
Orlando Sentinel,Right-Center,High,4010247
Ottawa Citizen,Right-Center,High,1154540
Pacific Research Institute,Right-Center,High,118249
Peninsula Daily News,Right-Center,High,30229
Pittsburgh Tribune Review,Right-Center,High,124073
PunchingBag Post,Right-Center,High,15796
Quillette,Right-Center,High,244092
R Street Institute,Right-Center,High,8664
Rasmussen Reports,Right-Center,High,608408
Real Clear Defense,Right-Center,High,165453
Real Clear Policy,Right-Center,High,239422
RealClearReligion,Right-Center,High,359112
Red River Valley News,Right-Center,High,212135
Remington Research Group,Right-Center,High,338
Russian News Agency-TASS,Right-Center,High,1203636
Salem Radio Network News (SRN News),Right-Center,High,230029
SOFREP,Right-Center,High,29347
South Florida Sun-Sentinel,Right-Center,High,3518491
Fort Worth Star-Telegram,Right-Center,High,1129651
Statesman Journal,Right-Center,High,947464
Strategic Culture Foundation,Right-Center,High,628499
Student Daily News,Right-Center,High,30799
Tallahassee Democrat,Right-Center,High,366840
Tampa Tribune,Right-Center,High,214686
Tax Foundation,Right-Center,Very High,480131
Tharawat Magazine,Right-Center,High,23605
The Algemeiner Journal,Right-Center,High,140189
The American Conservative,Right-Center,High,1493266
The American Interest,Right-Center,High,180382
The Augusta Chronicle,Right-Center,High,696889
The Australian,Right-Center,High,6037758
The Fiscal Times,Right-Center,High,227582
The Gazette (Cedar Rapids),Right-Center,High,1459253
The Independent Review,Right-Center,High,275695
The Jack News,Right-Center,High,14
The Japan News,Right-Center,High,59308
The Jewish Press,Right-Center,High,239330
The Libertarian Republic,Right-Center,High,50012
The Manila Times,Right-Center,High,472112
The Nation Pakistan,Right-Center,High,1569376
The New Atlantis,Right-Center,High,175522
The News Lens,Right-Center,High,660850
The Oklahoman,Right-Center,High,98368
The Press-Enterprise,Right-Center,High,512747
The Smoking Gun,Right-Center,High,1453244
The Spectator (UK),Right-Center,High,3005188
The Spokesman-Review,Right-Center,High,1139033
The Straits Times,Right-Center,High,2513202
The Tennessean,Right-Center,High,990124
The West Australian,Right-Center,High,345953
Toledo Blade,Right-Center,High,801632
ValueWalk,Right-Center,High,649252
Waterbury Republican-American,Right-Center,High,180478
WestMonster,Right-Center,High,21952
Wichita Eagle,Right-Center,High,1245638
Foreign Policy Research Institute,Right-Center,Very High,51077
Tax Foundation,Right-Center,Very High,480131
1600 Daily,Right,Mixed,12768272
Accuracy in Media (AIM),Right,Mixed,558931
Acting Man,Right,Mixed,358589
Against Crony Capitialism,Right,Mixed,157308
Alpha News,Right,Mixed,17367
American Greatness,Right,Mixed,124735
American Legislative Exchange Council (ALEC),Right,Mixed,80532
American Liberty Report,Right,Mixed,1366
American Thinker,Right,Mixed,2545146
American Web Media (AWM),Right,Mixed,21061
Americans for Prosperity,Right,Mixed,195249
Assyrian International News Agency,Right,Mixed,78234
Bearing Arms,Right,Mixed,1015979
Beliefnet,Right,Mixed,1854648
Big Government News,Right,Mixed,307
Big League Politics,Right,Mixed,15267
Bizpac Review,Right,Mixed,242091
I Bleed Red White and Blue,Right,Mixed,108
Campaign Life Coalition,Right,Mixed,5697
Campus Reform,Right,Mixed,438133
Capital Research Center,Right,Mixed,35921
Chicks on the Right,Right,Mixed,190578
Christian News Alerts,Right,Mixed,195
Christian Post,Right,Mixed,619405
Church Militant,Right,Mixed,81328
Citizens United,Right,Mixed,5769
Civitas Institute,Right,Mixed,27541
Cold Dead Hands,Right,Mixed,25929
Conservative Daily News,Right,Mixed,49604
Conservative HQ,Right,Mixed,158398
Conservative Today,Right,Mixed,116
Cowger Nation,Right,Mixed,4653
Crime Prevention Research Center,Right,Mixed,41056
Crisis Magazine,Right,Mixed,174638
Daily Sabah,Right,Mixed,833715
Daily Surge,Right,Mixed,12821
Dangerous,Right,Mixed,45608
DC Statesman,Right,Mixed,7577
DC Whispers,Right,Mixed,12805
Deplorables Report,Right,Mixed,0
Disobedient Media,Right,Mixed,96808
Drudge Report,Right,Mixed,4945647
Energy Citizens,Right,Mixed,4694
Ethics & Religious Liberty Commission (ERLC),Right,Mixed,100721
Facts and Logic About the Middle East (FLAME),Right,Mixed,46225
FaithWire,Right,Mixed,13973
Federalist Press,Right,Mixed,2002
Federalist Society,Right,Mixed,137966
First in Freedom Daily,Right,Mixed,4152
First Things Magazine,Right,Mixed,802237
Free West Media,Right,Mixed,7620
Freedom Crossroads,Right,Mixed,612
Freedom Works,Right,Mixed,700708
Frontiers of Freedom,Right,Mixed,14498
Future in America,Right,Mixed,26
Gatestone Institute,Right,Mixed,374586
Get Religion,Right,Mixed,263420
GOPUSA,Right,Mixed,85294
Government Accountability Institute,Right,Mixed,133366
Guerrilla News,Right,Mixed,0
Heartland Institute,Right,Mixed,189440
Heat Street,Right,Mixed,151683
Heritage Foundation,Right,Mixed,1869146
HermanCain.com,Right,Mixed,18526
Hillary Daily,Right,Mixed,6349
Human Events,Right,Mixed,1840211
Independent Women s Forum (IWF),Right,Mixed,47202
Institute for Family Studies,Right,Mixed,5821
iPatriot,Right,Mixed,20282
Jewish World Review,Right,Mixed,541630
Judicial Crisis Network,Right,Mixed,8014928
Kansas Policy Institute (KPI),Right,Mixed,8463
Knox Report,Right,Mixed,234
Legal Insurrection,Right,Mixed,1474229
Liberty Hangout,Right,Mixed,29437
Liberty Headlines,Right,Mixed,56281
Liberty News,Right,Mixed,15046
LibertyTalk.FM,Right,Mixed,266965
Life and About,Right,Mixed,764
Life Decisions International,Right,Mixed,537
Life News,Right,Mixed,374033
Louder With Crowder,Right,Mixed,40217
Lyin  Comey,Right,Mixed,1056
Media Circus,Right,Mixed,17233
Media Research Center (MRC),Right,Mixed,808896
National Center for Public Policy Research (NCPPR),Right,Mixed,21884
National Rifle Association (NRA),Right,Mixed,4263721
New Boston Post,Right,Mixed,15404
Newsbusters,Right,Mixed,2386769
Newsmax,Right,Mixed,2339733
Next News Network,Right,Mixed,35319
Not Liberal,Right,Mixed,3545
NTK Network,Right,Mixed,20792
Numbers USA,Right,Mixed,324320
Offended America,Right,Mixed,117
Offgrid Survival,Right,Mixed,145819
OneNewsNow,Right,Mixed,133316
OpsLens,Right,Mixed,8498
PatriotRetort.com,Right,Mixed,114374
Politichicks,Right,Mixed,17107
PoliticsNote,Right,Mixed,4121
Politifeed,Right,Mixed,20
Populist Wire,Right,Mixed,1803
Project Veritas,Right,Mixed,157188
Quadrant Magazine,Right,Mixed,113532
Reader s Digest,Right,Mixed,447333
Red Alert Politics,Right,Mixed,56186
Red Flag News,Right,Mixed,128355
RenewedRight.com,Right,Mixed,2827
Resistance Media,Right,Mixed,38
Richochet,Right,Mixed,493210
Ron Paul Liberty Report,Right,Mixed,12071
Secure America Now,Right,Mixed,2786
Sentinel KSMO,Right,Mixed,7345
Silence is Consent,Right,Mixed,0
Spiked Magazine,Right,Mixed,6881
Tea Party News (The Point),Right,Mixed,126386
The Advertiser,Right,Mixed,511413
The American Cause,Right,Mixed,17795
The Blacksphere (Kevin Jackson),Right,Mixed,210509
The Citizen Press,Right,Mixed,2318
The College Fix,Right,Mixed,352210
The Conservative Nut,Right,Mixed,5
The Conservative Woman,Right,Mixed,31773
The Daily Defender,Right,Mixed,22
The Daily Liberator,Right,Mixed,8283
The Daily Telegraph (Australia),Right,Mixed,617185
The Last Refuge (Conservative Treehouse),Right,Mixed,441506
The New American,Right,Mixed,528730
The Post and Email,Right,Mixed,131185
The RANTidote,Right,Mixed,52
The Real Strategy,Right,Mixed,10759
The Rebel,Right,Mixed,110684
The Resurgent,Right,Mixed,82223
The Ron Paul Institute,Right,Mixed,24221
The Sun,Right,Mixed,5856873
Townhall,Right,Mixed,2967734
Tribunist,Right,Mixed,438
Turning Point USA,Right,Mixed,14258
Twitchy,Right,Mixed,1478956
UN Watch,Right,Mixed,59957
Unbiased America,Right,Mixed,0
US Politics Info,Right,Mixed,475
USA Politics Today,Right,Mixed,8252
Vessel News,Right,Mixed,531
Western Free Press,Right,Mixed,13683
Whatfinger,Right,Mixed,403094
World Magazine,Right,Mixed,57845
Young Conservatives,Right,Mixed,43439
Acculturated,Right,High,116716
American Spectator,Right,High,9320959
Ammoland,Right,High,193406
Being Libertarian,Right,High,13766
Blue Lives Matter,Right,High,9496
City Journal,Right,High,773966
Commentary Magazine,Right,High,709922
Conservative Institute,Right,High,838
CSC Mediagroup USA,Right,High,16
Debate Post,Right,High,5928
EconomicPolicyJournal.com,Right,High,255193
Hot Air,Right,High,4516508
Hudson Institute,Right,High,196377
Illinois Policy Institute,Right,High,114502
Independent Journal Review,Right,High,170877
Independent Sentinel,Right,High,243092
Jewish Policy Center,Right,High,21003
Keep and Bear,Right,High,1018
New Revolution Now,Right,High,540
New York Observer,Right,High,1216783
Ontario Proud,Right,High,74
Power Line,Right,High,3722931
Restore American Glory,Right,High,1725
Save Jersey,Right,High,28022
Tea Party Patriots,Right,High,204564
Tea Party Tribune,Right,High,236254
The California Republican,Right,High,387
The Hayride,Right,High,98574
The Millennial Review,Right,High,0
The Tennessee Star,Right,High,3202
The Truth About Guns,Right,High,212315
Toronto Sun,Right,High,591756
World Tribune,Right,High,5971
YellowHammer News,Right,High,27222
Young America s Foundation (YAF),Right,High,44714
Frontiers,Pro-Science,Mixed,148954
Air & Space Magazine,Pro-Science,Very High,1416776
American Academy of Pediatrics,Pro-Science,Very High,392468
American Association for the Advancement of Science (AAAS),Pro-Science,Very High,1350520
American Geophysical Union (AGU),Pro-Science,Very High,1493228
American Journal of Archaeology,Pro-Science,Very High,40176
American Physical Society (APS),Pro-Science,Very High,549652
American Psychoanalytic Association,Pro-Science,Very High,30037
American Scientist,Pro-Science,Very High,128213
Anxiety and Depression Association of America (ADAA),Pro-Science,Very High,65707
Archaeology Magazine,Pro-Science,Very High,134675
Ars Technica,Pro-Science,High,4376243
Astronomy Magazine,Pro-Science,Very High,360040
Australian Skeptics Inc.,Pro-Science,High,52411
Autistic Self Advocacy Network,Pro-Science,Very High,43760
Centers for Disease Control and Prevention (CDC),Pro-Science,Very High,5913355
Climate Action Tracker,Pro-Science,Very High,15497
Climate Central,Pro-Science,Very High,177927
Climate Feedback,Pro-Science,Very High,4747
CNET,Pro-Science,High,20368677
Cochrane,Pro-Science,Very High,1485432
Committee for Skeptical Inquiry,Pro-Science,Very High,152685
ConsumerLab.com,Pro-Science,High,36130
Contrail Science,Pro-Science,Very High,11067
Cosmos Magazine,Pro-Science,High,177962
Discover Magazine,Pro-Science,High,604218
Doubtful News,Pro-Science,Very High,47676
Earth Magazine,Pro-Science,Very High,47434
Earth & Sky,Pro-Science,High,114170
Edge Foundation,Pro-Science,Very High,638509
Encyclopedia Britannica,Pro-Science,High,1529189
Examine.com,Pro-Science,High,32389
Federation of American Scientists (FAS),Pro-Science,Very High,293842
Frontiers In Psychology,Pro-Science,Very High,818
Futurism,Pro-Science,High,164462
HealthLine,Pro-Science,High,381551
HowStuffWorks,Pro-Science,Very High,1001394
Inside Science,Pro-Science,High,45726
International Renewable Energy Agency (IRENA),Pro-Science,Very High,344820
James Randi Educational Foundation,Pro-Science,Very High,12411
Johns Hopkins Medicine,Pro-Science,Very High,827193
JStor,Pro-Science,Very High,2286287
Mayo Clinic,Pro-Science,Very High,1058730
Medical Daily,Pro-Science,High,84240
Medical News Today,Pro-Science,High,1129911
MedicalXPress,Pro-Science,Very High,708708
Medscape,Pro-Science,Very High,3705140
Mental Daily,Pro-Science,High,2059
MIT Technology Review,Pro-Science,Very High,1844233
Mosaic,Pro-Science,High,8339
NASA,Pro-Science,Very High,10315236
National Academy of Sciences (NAS),Pro-Science,Very High,697
National Center for Science Education (NCSE),Pro-Science,Very High,543799
National Centers for Environmental Information (NCEI),Pro-Science,Very High,3262018
National Geographic,Pro-Science,High,5208531
National Institutes of Health (NIH),Pro-Science,Very High,16178553
National Oceanic and Atmospheric Administration (NOAA),Pro-Science,Very High,20314379
Nature,Pro-Science,Very High,1835883
Nautilus Magazine,Pro-Science,Very High,86881
Neuroscience News,Pro-Science,High,96581
New Atlas,Pro-Science,High,454344
New England Skeptical Society,Pro-Science,High,20847
New Humanist,Pro-Science,High,60665
New Scientist,Pro-Science,Very High,8695004
Next Big Future,Pro-Science,High,549339
Next Observer,Pro-Science,High,1036
Oceana,Pro-Science,High,132647
Pan American Health Organization (PAHO),Pro-Science,High,2027996
Phys.org,Pro-Science,Very High,1435640
Political Psychology Journal,Pro-Science,Very High,14429
Popular Mechanics,Pro-Science,Very High,1415193
Popular Science,Pro-Science,Very High,486428
Proceedings of the National Academy of Sciences of the United States of America (PNAS),Pro-Science,Very High,624957
Psychology Today,Pro-Science,Very High,183652
Psypost,Pro-Science,Very High,54248
Public Library of Science (PLOS),Pro-Science,High,628526
PubMed,Pro-Science,Very High,6172159
Quackwatch,Pro-Science,High,138833
Quanta Magazine,Pro-Science,Very High,98872
Real Clear Science,Pro-Science,High,332451
RealClimate,Pro-Science,Very High,1566588
Realm of History,Pro-Science,High,4050
RedOrbit,Pro-Science,High,137191
ResearchGate,Pro-Science,High,3733312
Resource Watch,Pro-Science,High,9358
Retraction Watch,Pro-Science,High,233434
SciCentral,Pro-Science,High,14692
SciCheck,Pro-Science,Very High,1018506
Science Based Medicine,Pro-Science,Very High,231695
Science Daily,Pro-Science,Very High,1536853
Science Illustrated,Pro-Science,Very High,123
Science Magazine,Pro-Science,Very High,1339233
Science Media Centre,Pro-Science,High,51457
Science News,Pro-Science,High,450816
Science Trends,Pro-Science,High,3342
ScienceAlert,Pro-Science,Very High,153087
ScienceBlogs,Pro-Science,High,731050
Scientific American,Pro-Science,High,2865478
Scripps Institution of Oceanography,Pro-Science,High,445801
Seeker Daily,Pro-Science,High,166690
SingularityHub,Pro-Science,High,404906
Skeptic Ink,Pro-Science,Very High,18297
Skeptic Magazine,Pro-Science,Very High,294109
Skeptical Science,Pro-Science,Very High,128365
Skeptoid,Pro-Science,Very High,125440
Sky and Telescope,Pro-Science,Very High,687341
Smithsonian Magazine,Pro-Science,Very High,1807336
Society for Science,Pro-Science,Very High,185176
Space.com,Pro-Science,Very High,4618358
TechXplore,Pro-Science,Very High,568108
The American Institute of Physics,Pro-Science,Very High,376453
The BMJ (British Medical Journal),Pro-Science,Very High,1134420
The Scientist,Pro-Science,Very High,2901215
The Skeptic s Dictionary,Pro-Science,Very High,142325
The Watchers,Pro-Science,Very High,68519
TreeHugger,Pro-Science,High,1383494
Understand Reality Through Science,Pro-Science,High,609
Union of Concerned Scientists,Pro-Science,High,243627
US Department of Energy   Office of Science,Pro-Science,High,3166977
VeryWell,Pro-Science,Very High,60587
WebMD,Pro-Science,High,28647224
What s the Harm,Pro-Science,High,56201
World Health Organization (WHO),Pro-Science,Very High,4720717
World Meteorological Organization,Pro-Science,Very High,1108356
ZME Science,Pro-Science,Very High,71429
Air & Space Magazine,Pro-Science,Very High,1416776
American Academy of Pediatrics,Pro-Science,Very High,392468
American Association for the Advancement of Science (AAAS),Pro-Science,Very High,1350520
American Geophysical Union (AGU),Pro-Science,Very High,1493228
American Journal of Archaeology,Pro-Science,Very High,40176
American Physical Society (APS),Pro-Science,Very High,549652
American Psychoanalytic Association,Pro-Science,Very High,30037
American Scientist,Pro-Science,Very High,128213
Anxiety and Depression Association of America (ADAA),Pro-Science,Very High,65707
Archaeology Magazine,Pro-Science,Very High,134675
Astronomy Magazine,Pro-Science,Very High,360040
Autistic Self Advocacy Network,Pro-Science,Very High,43760
Centers for Disease Control and Prevention (CDC),Pro-Science,Very High,5913355
Climate Action Tracker,Pro-Science,Very High,15497
Climate Central,Pro-Science,Very High,177927
Climate Feedback,Pro-Science,Very High,4747
Cochrane,Pro-Science,Very High,1485432
Committee for Skeptical Inquiry,Pro-Science,Very High,152685
Contrail Science,Pro-Science,Very High,11067
Doubtful News,Pro-Science,Very High,47676
Earth Magazine,Pro-Science,Very High,47434
Edge Foundation,Pro-Science,Very High,638509
Federation of American Scientists (FAS),Pro-Science,Very High,293842
Frontiers In Psychology,Pro-Science,Very High,818
HowStuffWorks,Pro-Science,Very High,1001394
International Renewable Energy Agency (IRENA),Pro-Science,Very High,344820
James Randi Educational Foundation,Pro-Science,Very High,12411
Johns Hopkins Medicine,Pro-Science,Very High,827193
JStor,Pro-Science,Very High,2286287
Mayo Clinic,Pro-Science,Very High,1058730
MedicalXPress,Pro-Science,Very High,708708
Medscape,Pro-Science,Very High,3705140
MIT Technology Review,Pro-Science,Very High,1844233
NASA,Pro-Science,Very High,10315236
National Academy of Sciences (NAS),Pro-Science,Very High,697
National Center for Science Education (NCSE),Pro-Science,Very High,543799
National Centers for Environmental Information (NCEI),Pro-Science,Very High,3262018
National Institutes of Health (NIH),Pro-Science,Very High,16178553
National Oceanic and Atmospheric Administration (NOAA),Pro-Science,Very High,20314379
Nature,Pro-Science,Very High,1835883
Nautilus Magazine,Pro-Science,Very High,86881
New Scientist,Pro-Science,Very High,8695004
Phys.org,Pro-Science,Very High,1435640
Political Psychology Journal,Pro-Science,Very High,14429
Popular Mechanics,Pro-Science,Very High,1415193
Popular Science,Pro-Science,Very High,486428
Proceedings of the National Academy of Sciences of the United States of America (PNAS),Pro-Science,Very High,624957
Psychology Today,Pro-Science,Very High,183652
Psypost,Pro-Science,Very High,54248
PubMed,Pro-Science,Very High,6172159
Quanta Magazine,Pro-Science,Very High,98872
RealClimate,Pro-Science,Very High,1566588
SciCheck,Pro-Science,Very High,1018506
Science Based Medicine,Pro-Science,Very High,231695
Science Daily,Pro-Science,Very High,1536853
Science Illustrated,Pro-Science,Very High,123
Science Magazine,Pro-Science,Very High,1339233
ScienceAlert,Pro-Science,Very High,153087
Skeptic Ink,Pro-Science,Very High,18297
Skeptic Magazine,Pro-Science,Very High,294109
Skeptical Science,Pro-Science,Very High,128365
Skeptoid,Pro-Science,Very High,125440
Sky and Telescope,Pro-Science,Very High,687341
Smithsonian Magazine,Pro-Science,Very High,1807336
Society for Science,Pro-Science,Very High,185176
Space.com,Pro-Science,Very High,4618358
TechXplore,Pro-Science,Very High,568108
The American Institute of Physics,Pro-Science,Very High,376453
The BMJ (British Medical Journal),Pro-Science,Very High,1134420
The Scientist,Pro-Science,Very High,2901215
The Skeptic s Dictionary,Pro-Science,Very High,142325
The Watchers,Pro-Science,Very High,68519
VeryWell,Pro-Science,Very High,60587
World Health Organization (WHO),Pro-Science,Very High,4720717
World Meteorological Organization,Pro-Science,Very High,1108356
ZME Science,Pro-Science,Very High,71429
A Sheep No More,Conspiracy,Low,33427
Above Top Secret,Conspiracy,Low,169403
Activist Post,Conspiracy,Low,755779
Age of Autism,Conspiracy,Low,223958
Alternative Media Television (AMTV),Conspiracy,Low,11759
AltHealth Works,Conspiracy,Low,50534
American Free Press,Conspiracy,Low,157247
Anonymous,Conspiracy,Low,14964
Answers in Genesis,Conspiracy,Low,744303
Assassination Science,Conspiracy,Low,598
Australian National Review,Conspiracy,Low,4783
Awareness Act,Conspiracy,Low,49418
Christian Ministries International,Conspiracy,Low,304659
Christian Science,Conspiracy,Low,194242
Christian Times Newspaper,Conspiracy,Low,4071
ChristianToday.Info,Conspiracy,Low,3565
Coast to Coast AM,Conspiracy,Low,556321
Collective-Evolution,Conspiracy,Low,182812
Collectively Conscious,Conspiracy,Low,0
Conspiracy Daily Update,Conspiracy,Low,2082
Conspiracy Planet,Conspiracy,Low,24315
Cosmic Intelligence Agency,Conspiracy,Low,22521
Countdown to Zerotime,Conspiracy,Low,2358
CS Globe,Conspiracy,Low,5519
Curious Mind Magazine,Conspiracy,Low,2818
Daily Occupation,Conspiracy,Low,4208
Dark Journalist,Conspiracy,Low,3291
Data Asylum,Conspiracy,Low,1349
David Icke,Conspiracy,Low,949794
Disclose TV,Conspiracy,Low,227988
Discovery Institute,Conspiracy,Low,133896
Earth We Are One (EWAO),Conspiracy,Low,31472
Earthpulse Press,Conspiracy,Low,39365
Educate Yourself,Conspiracy,Low,83531
End Time Headlines,Conspiracy,Low,123922
Escape All These Things,Conspiracy,Low,9097
Evolution News and Views,Conspiracy,Low,88606
Family Survival Headlines,Conspiracy,Low,594
Fellowship of the Minds,Conspiracy,Low,113896
From the Trenches World Report,Conspiracy,Low,110324
Godlike Productions,Conspiracy,Low,1091500
Got Questions (gotquestions.org),Conspiracy,Low,259669
Government Slaves,Conspiracy,Low,3221
Gulag Bound,Conspiracy,Low,140238
HAARP.net,Conspiracy,Low,23218
Health Consciousness,Conspiracy,Low,1431
Health Impact News,Conspiracy,Low,57108
Health Nut News,Conspiracy,Low,36130
Health Sciences Institute,Conspiracy,Low,21359
Healthy Vibes,Conspiracy,Low,0
Henry Makow (savethemales.ca),Conspiracy,Low,74238
HL12,Conspiracy,Low,1
Humans Are Free,Conspiracy,Low,38159
iHealthtube,Conspiracy,Low,34570
Illuminati News,Conspiracy,Low,15232
Illuminati Watcher,Conspiracy,Low,12368
Infinite Unknown,Conspiracy,Low,80424
Intellihub,Conspiracy,Low,95979
Iowa Climate Science Education,Conspiracy,Low,69
Jesus is Savior,Conspiracy,Low,57143
Jones Report,Conspiracy,Low,12450
Knowledge of Today,Conspiracy,Low,15020
LaRouche PAC,Conspiracy,Low,105920
Liberty Videos,Conspiracy,Low,49
Lozier Institute,Conspiracy,Low,7148
Medicine News,Conspiracy,Low,15302
Morning Ledger,Conspiracy,Low,7049
National Vaccine Information Center (NVIC),Conspiracy,Low,1680127
Natural Cures Not Medicine,Conspiracy,Low,7
Need to Know,Conspiracy,Low,129376
Neon Nettle,Conspiracy,Low,58168
NewsInsideOut.com,Conspiracy,Low,15110
NoDisInfo,Conspiracy,Low,11519
Now the End Begins,Conspiracy,Low,93739
Our Health Guides,Conspiracy,Low,108
Pak Alert Press,Conspiracy,Low,171578
Political Blind Spot,Conspiracy,Low,11322
Principia Scientific International,Conspiracy,Low,4051
Prison Planet,Conspiracy,Low,1905220
Prophecy News Watch,Conspiracy,Low,22643
Prophecy Today,Conspiracy,Low,56743
Real Jew News,Conspiracy,Low,84687
Real News 24,Conspiracy,Low,11192
RealFarmacy,Conspiracy,Low,32503
Reflection of Mind,Conspiracy,Low,2042
Rense,Conspiracy,Low,410916
Revolution Radio,Conspiracy,Low,76435
SaneVax,Conspiracy,Low,32958
SCEPCOP (Debunking Skeptics),Conspiracy,Low,90056
SGT Report,Conspiracy,Low,294783
Sheep Killers,Conspiracy,Low,63
Shoebat,Conspiracy,Low,131579
Skeptiko,Conspiracy,Low,39096
Stillness in the Storm,Conspiracy,Low,39325
Storm Clouds Gathering,Conspiracy,Low,14821
Stormfront,Conspiracy,Low,148726
Sustainable Pulse,Conspiracy,Low,8698
The Aware,Conspiracy,Low,2
The Common Sense Show,Conspiracy,Low,209381
The Controversial Files,Conspiracy,Low,3660
The Corbett Report,Conspiracy,Low,786161
The Daily Conspiracy,Conspiracy,Low,577
The Daily Sheeple,Conspiracy,Low,428382
The Event Chronicle,Conspiracy,Low,49953
The Forbidden Knowledge,Conspiracy,Low,45833
The Last Great Stand,Conspiracy,Low,85625
The Liberty Beacon,Conspiracy,Low,21232
The Mind Unleashed,Conspiracy,Low,41508
The Rundown Live,Conspiracy,Low,33583
The Truth Seeker,Conspiracy,Low,295412
Waking Times,Conspiracy,Low,264100
Thinking Mom s Revolution,Conspiracy,Low,15617
Thought Crime Radio,Conspiracy,Low,16202
Thrive Movement,Conspiracy,Low,79920
Topinfo Post,Conspiracy,Low,5102
TruNews,Conspiracy,Low,106546
Truth Channel Politics,Conspiracy,Low,16
Twisted.News,Conspiracy,Low,756
Underground Health,Conspiracy,Low,8616
USAWatchdog.com,Conspiracy,Low,141348
Vaccines Revealed,Conspiracy,Low,1266
Vaxxter,Conspiracy,Low,13605
Vigilant Citizen,Conspiracy,Low,527305
Viral News Network,Conspiracy,Low,299
Voice of America TV (voiceofamericatv.com),Conspiracy,Low,0
Wake Up World,Conspiracy,Low,148911
Watts Up with That,Conspiracy,Low,1114390
We Are Anonymous,Conspiracy,Low,81692
Whale.to,Conspiracy,Low,22599
What Really Happened,Conspiracy,Low,1640403
WhatDoesItMean,Conspiracy,Low,106704
Why Don t You Try This,Conspiracy,Low,1729
World Truth TV,Conspiracy,Low,84296
X22 Report,Conspiracy,Low,34265
369News,Conspiracy,Mixed,1966
Abel Danger,Conspiracy,Mixed,7255
AWD News,Conspiracy,Mixed,32019
Alliance for Advanced Health,Conspiracy,Mixed,540
Alt-Market,Conspiracy,Mixed,338411
Alternative News Network,Conspiracy,Mixed,1477
American Digital News,Conspiracy,Mixed,2816
American Intelligence Media,Conspiracy,Mixed,45539
American Intelligence Report,Conspiracy,Mixed,7748
Ancient Code,Conspiracy,Mixed,64230
Ancient Origins,Conspiracy,Mixed,526561
Architects & Engineers for 9/11 Truth,Conspiracy,Mixed,481237
Asia-Pacific Research,Conspiracy,Mixed,421377
Autism Speaks,Conspiracy,Mixed,2097444
Behold Israel,Conspiracy,Mixed,30145
Biologos Foundation,Conspiracy,Mixed,101447
Blacklisted News,Conspiracy,Mixed,463550
Center for Security Policy,Conspiracy,Mixed,250442
Christian Broadcasting Network (CBN),Conspiracy,Mixed,44733
Climate Depot,Conspiracy,Mixed,580590
Climate Etc,Conspiracy,Mixed,313506
Conscious Life News,Conspiracy,Mixed,21702
Counter Current News,Conspiracy,Mixed,8308
CounterPsyOps,Conspiracy,Mixed,9894
Covert Geopolitics,Conspiracy,Mixed,30239
CreationWiki,Conspiracy,Mixed,6446
Daily Star UK,Conspiracy,Mixed,1766616
David Wolfe,Conspiracy,Mixed,95969
Ecowatch,Conspiracy,Mixed,152185
Educate Inspire Change,Conspiracy,Mixed,25051
Eluxe Magazine,Conspiracy,Mixed,10934
Environmental Working Group (EWG),Conspiracy,Mixed,1859520
Food Matters,Conspiracy,Mixed,57482
Freedomain Radio,Conspiracy,Mixed,113687
Friends of Science,Conspiracy,Mixed,10434
Global Research,Conspiracy,Mixed,2140041
Greenpeace,Conspiracy,Mixed,1144954
Health Eternally,Conspiracy,Mixed,0
Hello Christian,Conspiracy,Mixed,10717
Higgins News Network,Conspiracy,Mixed,49722
Homeopathy Journal,Conspiracy,Mixed,6187
Independent Living News,Conspiracy,Mixed,6756
Institute for Responsible Technology,Conspiracy,Mixed,82374
Investment Watch Blog,Conspiracy,Mixed,61708
"Israel, Islam and End Times",Conspiracy,Mixed,22764
JeffereyJaxen.com,Conspiracy,Mixed,759
LifeSpa,Conspiracy,Mixed,16183
Live Action,Conspiracy,Mixed,55227
LiveStrong.com,Conspiracy,Mixed,981492
Living Whole,Conspiracy,Mixed,3246
Media Fact Watch,Conspiracy,Mixed,1136
Media Roots,Conspiracy,Mixed,93757
Medusa Magazine,Conspiracy,Mixed,852
Modern Alternative Mama,Conspiracy,Mixed,14568
Natural Awakenings Magazine,Conspiracy,Mixed,13275
Natural Cures,Conspiracy,Mixed,13998
Natural Health 365,Conspiracy,Mixed,20881
Natural News,Conspiracy,Mixed,923721
Natural Society,Conspiracy,Mixed,277661
Naturally Savvy,Conspiracy,Mixed,57626
New American News,Conspiracy,Mixed,45
News Target,Conspiracy,Mixed,51362
Newsbud,Conspiracy,Mixed,590414
NutritionFacts.org,Conspiracy,Mixed,235365
PETA (People for the Ethical Treatment of Animals),Conspiracy,Mixed,879605
Popular Technology,Conspiracy,Mixed,25772
Press for Truth,Conspiracy,Mixed,41272
Prop Or Not,Conspiracy,Mixed,468
Redoubt News,Conspiracy,Mixed,23693
Religion Mind,Conspiracy,Mixed,46
Science Factz,Conspiracy,Mixed,0
Science Vibe,Conspiracy,Mixed,4077
Signs of the Times (SOTT),Conspiracy,Mixed,635620
Simple Organic Medicine,Conspiracy,Mixed,1952
Space.News,Conspiracy,Mixed,1420
The Anti-Media,Conspiracy,Mixed,283324
The Crusader Journal,Conspiracy,Mixed,85585
The Daily Check,Conspiracy,Mixed,1127
The European Union Times,Conspiracy,Mixed,52894
The Hearty Soul,Conspiracy,Mixed,12126
The Stream,Conspiracy,Mixed,67377
The Trumpet,Conspiracy,Mixed,62674
The Truth About Cancer,Conspiracy,Mixed,14527
Truth Theory,Conspiracy,Mixed,70506
UK Column,Conspiracy,Mixed,82237
Veterans Today,Conspiracy,Mixed,715295
We Are Change,Conspiracy,Mixed,212699
Wellness Achiever,Conspiracy,Mixed,266
Wikispooks,Conspiracy,Mixed,99519
100 Percent Fed Up,Fake,Fake,53419
10News.one,Fake,Fake,3164
247 News Media,Fake,Fake,0
A Voice for Men,Fake,Fake,68532
abcnews-us.com,Fake,Fake,34
Activist Mommy,Fake,Fake,1645
Age of Shitlords,Fake,Fake,22360
All News Pipeline,Fake,Fake,53326
Allen West Republic,Fake,Fake,19833
Alliance Defending Freedom,Fake,Fake,595826
Amazingnews.net,Fake,Fake,0
American College of Pediatricians,Fake,Fake,4337
American Family Association,Fake,Fake,162614
American Flavor,Fake,Fake,0
Americas Freedom Fighters,Fake,Fake,10298
American Journal Review,Fake,Fake,7781
American Lookout,Fake,Fake,20126
American Patriot Daily,Fake,Fake,14539
American Prides,Fake,Fake,10
American Principles Project,Fake,Fake,29820
American Renaissance Magazine,Fake,Fake,371889
"American Society for the Defense of Tradition, Family, and Property",Fake,Fake,66316
American Today,Fake,Fake,5039
American Truth Seekers,Fake,Fake,478
American Updater,Fake,Fake,27
Americans Against the Tea Party (AATTP),Fake,Fake,95355
anews-24.com (American News),Fake,Fake,45
Banned Information,Fake,Fake,3426
Bare Naked Islam,Fake,Fake,160680
BB4SP,Fake,Fake,60638
BeAware,Fake,Fake,279
Before it s News,Fake,Fake,2214817
Big Blue Vision,Fake,Fake,0
Bipartisan Report,Fake,Fake,1482
Black Genocide,Fake,Fake,21283
Black Pigeon Speaks,Fake,Fake,12223
BlingNews.com,Fake,Fake,5940
Blue Informer,Fake,Fake,4
Blue Vision Post,Fake,Fake,0
BlueVision.News,Fake,Fake,0
Blunt Force Truth,Fake,Fake,41238
Borderland Alternative Media (BAM),Fake,Fake,4668
Breaking911,Fake,Fake,63716
Breitbart,Fake,Fake,3366376
Canada Free Press,Fake,Fake,213665
Censored.News,Fake,Fake,1497
Center for Immigration Studies (CIS),Fake,Fake,63764
Centre for Research of Radicalism and National Security (CRRNS),Fake,Fake,366
Cerno (Cernovich.com),Fake,Fake,5710
Christian Action Network,Fake,Fake,18417
CityWorldNews,Fake,Fake,162
Clarion Project,Fake,Fake,131516
Clash Daily,Fake,Fake,97915
Cnn.com.de,Fake,Fake,71
cnn-globalnews.com,Fake,Fake,47
CNS News,Fake,Fake,1413255
Concerned Women for America,Fake,Fake,152535
Conservapedia,Fake,Fake,22250
Conservative 101,Fake,Fake,12758
Conservative Byte,Fake,Fake,44251
Conservative Daily Post,Fake,Fake,56362
Conservative Fighters,Fake,Fake,22711
Conservative Firing Line,Fake,Fake,17376
Conservative Flash News,Fake,Fake,49
Conservative Free Press,Fake,Fake,1865
Conservative Media,Fake,Fake,8515
Conservative Movement,Fake,Fake,5363
Conservative Nation,Fake,Fake,7307
Conservative Patriot,Fake,Fake,0
Conservative Politicus,Fake,Fake,28
Conservative Post,Fake,Fake,14699
Conservative Spirit,Fake,Fake,37
Conservative Tribune,Fake,Fake,380328
Constitution Rising,Fake,Fake,29485
Daily Buzz Live,Fake,Fake,5600
Daily Headlines,Fake,Fake,35583
Daily Infobox,Fake,Fake,5
Daily Insider News,Fake,Fake,244
Daily Mail,Fake,Fake,7320337
Daily Notify,Fake,Fake,100
Daily Presser,Fake,Fake,3221
Daily Stormer,Fake,Fake,166617
Daily USA Update,Fake,Fake,13
Daily World Information,Fake,Fake,2
Dam-Reports,Fake,Fake,5
David Horowitz Freedom Center,Fake,Fake,164724
DC Dirty Laundry,Fake,Fake,28002
DC Gazette,Fake,Fake,64
DEBKAfile,Fake,Fake,746898
Defend Europa,Fake,Fake,6250
Defiant America,Fake,Fake,3413
Defund.com,Fake,Fake,3015
Democratic Moms,Fake,Fake,3980
Denver Guardian,Fake,Fake,122
Departed (Maganews.com),Fake,Fake,17
Deplorable Movement 2020,Fake,Fake,11
Discover the Networks,Fake,Fake,386987
Donald Trump News,Fake,Fake,1023
Downtrend,Fake,Fake,32292
Eagle Rising,Fake,Fake,11020
EarthNews   Conservative News,Fake,Fake,0
Embols,Fake,Fake,43
Empire Herald,Fake,Fake,8103
En Volve,Fake,Fake,15699
ENH Live,Fake,Fake,0
Exposing Government,Fake,Fake,0
Fact-Checking Turkey,Fake,Fake,14961
Family Research Council,Fake,Fake,265408
Federalist Nation,Fake,Fake,2570
Flash News Corner,Fake,Fake,45
Flex Mag,Fake,Fake,669
Focus on the Family,Fake,Fake,356758
France24-TV.com,Fake,Fake,0
Freakout Nation,Fake,Fake,37553
Free Speech Time,Fake,Fake,18325
Freedom Daily,Fake,Fake,6090
Freedom News Report,Fake,Fake,566
Freedom s Final Stand,Fake,Fake,3976
Fresh News   USA,Fake,Fake,41
Frontpage Magazine,Fake,Fake,1581501
Fury News,Fake,Fake,2287
FWD Now,Fake,Fake,0
Geller Report,Fake,Fake,369710
Geology In,Fake,Fake,9534
Girls Just Wanna Have Guns,Fake,Fake,116048
Global Info Today,Fake,Fake,0
Global Politics Now,Fake,Fake,171
Globe Magazine,Fake,Fake,6349
GOD (Good Lord Above),Fake,Fake,1203
Godfather Politics,Fake,Fake,96130
Gone Left,Fake,Fake,674
GoodGopher,Fake,Fake,284359
GOP Watchdog,Fake,Fake,370
GotNews,Fake,Fake,115839
Hang the Bankers,Fake,Fake,155794
Hard News,Fake,Fake,1903
Hawar News Agency,Fake,Fake,4879
Hogg Watch,Fake,Fake,61
I Hate the Media,Fake,Fake,205364
"I, Hypocrite",Fake,Fake,653
I Love My Freedom,Fake,Fake,8261
Identity Evropa,Fake,Fake,9356
If You Only News,Fake,Fake,28878
IMOwired,Fake,Fake,1483
InfoGalactic,Fake,Fake,11432
Information Liberation,Fake,Fake,482796
Informed Owners,Fake,Fake,164
Institute for Historical Review,Fake,Fake,45208
International Organization for the Family (IOF),Fake,Fake,10407
Israel Video Network,Fake,Fake,15480
iTag Live,Fake,Fake,168
Jew Watch,Fake,Fake,31950
Jihad Watch,Fake,Fake,1667827
Joe for America,Fake,Fake,97077
Jookos News,Fake,Fake,0
Judicial Watch,Fake,Fake,506183
Just the Facts,Fake,Fake,2296
Knights Templar International,Fake,Fake,8883
Lady Liberty News,Fake,Fake,2878
Lew Rockwell,Fake,Fake,1272006
Liberty Alliance,Fake,Fake,0
Liberty Brief,Fake,Fake,18
Liberty Courier,Fake,Fake,14
Liberty is Viral,Fake,Fake,5426
London Web News,Fake,Fake,664
LoonWatch,Fake,Fake,168584
Loser.com,Fake,Fake,4804
Mad World News,Fake,Fake,49003
MagaPill,Fake,Fake,6889
MartinLutherKing.org,Fake,Fake,797400
MBGA   Make Britain Great Again,Fake,Fake,1691
Media Zone,Fake,Fake,2
Metapedia,Fake,Fake,525
Middle East Forum,Fake,Fake,184182
Middle East Media Research Institute (MEMRI),Fake,Fake,963858
Molon Labe Media,Fake,Fake,8
Moving Left,Fake,Fake,36
Mr. Conservative (MRC),Fake,Fake,38
My Right American,Fake,Fake,84
MyZoneToday,Fake,Fake,5
Nation45,Fake,Fake,0
National Alliance,Fake,Fake,59334
National Economics Editorial,Fake,Fake,139
National Enquirer,Fake,Fake,615423
National Vanguard,Fake,Fake,180575
Native American News,Fake,Fake,5
Native Americans,Fake,Fake,0
NeverRepublican.com,Fake,Fake,319
Nevo News,Fake,Fake,0
New Century Times,Fake,Fake,5286
New Nation News,Fake,Fake,241588
News Blaze,Fake,Fake,114204
News Conservative,Fake,Fake,65
News Feed Hunter,Fake,Fake,89
News Procession,Fake,Fake,272
News Punch,Fake,Fake,27084
News Up Today,Fake,Fake,135
News With Views,Fake,Fake,226743
NewsAmmo,Fake,Fake,0
NewsWars,Fake,Fake,29399
Oath Keepers,Fake,Fake,217231
Occupy Democrats,Fake,Fake,27962
Online Conservative Press,Fake,Fake,12
Open Magazines,Fake,Fake,1668
Opposition Report,Fake,Fake,11889
Overpasses for America,Fake,Fake,2750
Pacific Pundit,Fake,Fake,83342
Patribotics Blog,Fake,Fake,24999
Patriot Beat,Fake,Fake,7603
Patriot Fires,Fake,Fake,1063
Patriot Update,Fake,Fake,189340
Patriotic Viral News,Fake,Fake,1872
Patriots Voice,Fake,Fake,0
PM Nightly News,Fake,Fake,111
Police Times,Fake,Fake,22
Political Inbox,Fake,Fake,13
Political Mayhem News,Fake,Fake,2207
Political Site News,Fake,Fake,1038
Politico Info,Fake,Fake,71
Politics Live,Fake,Fake,391
Politifact News,Fake,Fake,77
Powdered Wig Society,Fake,Fake,6521
President 45 Donald Trump,Fake,Fake,7905
Prideof-America.org (American News),Fake,Fake,5
Prntly,Fake,Fake,2748
Progress Tribune,Fake,Fake,2994
Progressives Today,Fake,Fake,60856
Project Purge,Fake,Fake,101
Puppet String News,Fake,Fake,10603
React 365,Fake,Fake,32111
Read Conservatives,Fake,Fake,0
Reagan Coalition,Fake,Fake,10449
Real Time Politics,Fake,Fake,651
Red Country   Conservative News,Fake,Fake,34
Red Ice TV,Fake,Fake,480898
Red Info,Fake,Fake,0
Red People,Fake,Fake,0
Red Politics,Fake,Fake,268
Red Rock Daily News,Fake,Fake,1089
Red Rock Tribune,Fake,Fake,29
Red State Pundit,Fake,Fake,0
Red State Watcher,Fake,Fake,83853
"Red, White and Right",Fake,Fake,39
RedStateWave,Fake,Fake,3179
Renew America,Fake,Fake,815658
Return of Kings,Fake,Fake,277526
Right Alerts,Fake,Fake,5335
Right Smarts,Fake,Fake,99
Right Wing News (Rightwing.news),Fake,Fake,4
Right Wing News,Fake,Fake,1883213
RINF,Fake,Fake,125928
Ruth Institute,Fake,Fake,40703
Shared News Report,Fake,Fake,0
Sharia Watch UK,Fake,Fake,34233
SHTFplan.com,Fake,Fake,645216
Sick Chirpse,Fake,Fake,196261
Smoloko News,Fake,Fake,83344
South Africa Today,Fake,Fake,16360
South Jersey Mechanic (Trump News),Fake,Fake,0
Speisa,Fake,Fake,23140
Stares at the World,Fake,Fake,55530
State Fort Daily,Fake,Fake,257
State of the Nation 2012,Fake,Fake,40302
Steadfast and Loyal,Fake,Fake,2824
Stone Cold Truth,Fake,Fake,24386
Studio News Network,Fake,Fake,2498
Subject Politics,Fake,Fake,333
Sunday Inquirer,Fake,Fake,0
Sure News,Fake,Fake,27609
Svijmedia.com,Fake,Fake,193
Syria News,Fake,Fake,362093
Taki s Magazine,Fake,Fake,854646
TashNews,Fake,Fake,0
TD Newswire,Fake,Fake,7
TdtAlliance.com,Fake,Fake,325
Tea Party Inc,Fake,Fake,208140
Teddy Stick,Fake,Fake,2587
Tell Me Now,Fake,Fake,9104
The American Mirror,Fake,Fake,11750
The Angry Patriot,Fake,Fake,615
The D.C. Clothesline,Fake,Fake,138409
The Daily Bell,Fake,Fake,251037
The Deplorable Society,Fake,Fake,292
The Duran,Fake,Fake,213944
The Federalist Papers Project,Fake,Fake,204748
The Federation for American Immigration Reform (FAIR),Fake,Fake,63555
The Free Patriot,Fake,Fake,23988
The Free Telegraph,Fake,Fake,1399
The Gateway Pundit,Fake,Fake,1226719
The Goldwater,Fake,Fake,14954
The Horn News,Fake,Fake,19341
The Last Resistance,Fake,Fake,11946
The Liberty Eagle,Fake,Fake,21831
The Millennium Report,Fake,Fake,20984
The National Patriot,Fake,Fake,34444
The National Pulse,Fake,Fake,2327
The News Guru,Fake,Fake,158
The Other 98%,Fake,Fake,23678
The Peoples Truth,Fake,Fake,887
The Premium News,Fake,Fake,4
The Proud Conservative,Fake,Fake,124
The Proud Liberal,Fake,Fake,5192
The Religion of Peace,Fake,Fake,1962385
The Remnant Magazine,Fake,Fake,13938
The Right Stuff,Fake,Fake,43342
The Rightists,Fake,Fake,1565
The Trump Media,Fake,Fake,30
The Truth Division,Fake,Fake,5814
The Unz Review,Fake,Fake,421728
The US Patriot,Fake,Fake,0
The Washington Reporter,Fake,Fake,726
Top Right News,Fake,Fake,10622
TriggerReset,Fake,Fake,53890
True Activist,Fake,Fake,113921
True Blue Scoop,Fake,Fake,1
True Trumpers,Fake,Fake,879
Trumpservative News,Fake,Fake,5487
Truth in Media,Fake,Fake,115180
Truth Monitor,Fake,Fake,57
Truth Revolt,Fake,Fake,298629
Truth Uncensored,Fake,Fake,3245
TruthFeed,Fake,Fake,65371
Uncle Sams Misguided Children,Fake,Fake,11625
Underground Journalist,Fake,Fake,9
Unique Web Magazine,Fake,Fake,68
US Advisor,Fake,Fake,1145
US Chronicle,Fake,Fake,1405
US Herald,Fake,Fake,0
US Info News,Fake,Fake,23
US Journal Review,Fake,Fake,88
US National News,Fake,Fake,863
US Postman,Fake,Fake,286
USA Conservative Report,Fake,Fake,9
USA Daily Post,Fake,Fake,7
USA Daily Time,Fake,Fake,0
USA Dose News,Fake,Fake,30
USA in Front,Fake,Fake,2034
USA News for You,Fake,Fake,16
USA Newsflash,Fake,Fake,179
USA News/Politics USA News,Fake,Fake,6
USA News/States-TV,Fake,Fake,19
USA Politics Now,Fake,Fake,502
USA Public Life,Fake,Fake,5
USA Really,Fake,Fake,1735
USA Supreme,Fake,Fake,13600
USA Viral News Today,Fake,Fake,0
USA World Box,Fake,Fake,3
USAFirstInfo,Fake,Fake,4211
USANewsToday,Fake,Fake,7
Vanguard America,Fake,Fake,530
Vatican Radio,Fake,Fake,219187
VDARE,Fake,Fake,375350
Vidmax,Fake,Fake,203228
Viral Liberty,Fake,Fake,18849
Voice of Europe,Fake,Fake,34142
Walk With Her,Fake,Fake,6
WallBuilders,Fake,Fake,179269
We Conservative,Fake,Fake,31
Western Sentinel,Fake,Fake,58
WikiIslam,Fake,Fake,11294
Witherspoon Institute,Fake,Fake,8099260
Woke Sloth,Fake,Fake,2591
World Net Daily (WND),Fake,Fake,2528780
World Politicus,Fake,Fake,405
"Yes, I m Right",Fake,Fake,591
ZootFeed,Fake,Fake,5758
Zox (Maga2020.us),Fake,Fake,168
Abril Uno,Satire,,409
Ace Flashman,Satire,,113
As American as Apple Pie,Satire,,41
Amplifying Glass,Satire,,38
Babylon Bee,Satire,,83335
Big American News,Satire,,2549
Breaking Burgh,Satire,,12036
Broken World News,Satire,,141
Bullshit News,Satire,,2
Burrard Street Journal,Satire,,3538
Business Standard News (BS News),Satire,,846
Call the Cops,Satire,,156
Cap News,Satire,,45
Christwire,Satire,,213004
Civic Tribune,Satire,,722
Clickhole,Satire,,2331810
Cracked,Satire,,749432
Cream BMP,Satire,,973
DailySnark,Satire,,1982
Derf Magazine,Satire,,37352
Duffel Blog,Satire,,101182
Duh Progressive,Satire,,3624
Empire News,Satire,,19635
Empire Sports News,Satire,,5058
Encyclopedia Dramatica,Satire,,3315
Enduring Vision,Satire,,3623
Evening Harold,Satire,,17116
FedsAlert,Satire,,14
FM Observer,Satire,,9621
Frank Mag,Satire,,4863
Freedum Junkshun,Satire,,192
Gomer Blog,Satire,,80446
Hard Dawn,Satire,,5181
Hillary Beat Trump,Satire,,2760
Huzlers,Satire,,2842
Internet Chronicle,Satire,,10396
Ladies of Liberty,Satire,,20
Lark News,Satire,,71807
Liberal Bias Press,Satire,,10927
Liberal Darkness,Satire,,1708
National Report,Satire,,18856
Nevada County Scooper,Satire,,52258
New Roman Times,Satire,,21
News Biscuit,Satire,,94445
News Mutiny,Satire,,4201
News Thump,Satire,,26628
Newslo-Politicops,Satire,,4722
Not Allowed To,Satire,,3576
Nottnews,Satire,,130
Now8News,Satire,,990
Observer Online,Satire,,0
Our Land of the Free,Satire,,56
Politicer,Satire,,48
Private Eye,Satire,,232275
Reagan Was Right,Satire,,1022
Real News Right Now,Satire,,25975
Reductress,Satire,,19812
Rock City Times,Satire,,761
Satira Tribune,Satire,,74
Satire V,Satire,,4596
Schmedium,Satire,,232
Scorched Earth News,Satire,,75
Shu+,Satire,,6
Southend News Network,Satire,,247
Sports Pickle,Satire,,0
St. George Gazette,Satire,,750
Stilton s Place,Satire,,139150
Stubhill News,Satire,,856
Stuppid,Satire,,880
Sunday Sport,Satire,,260
The Adobo Chronicles,Satire,,3108
The Atlanta Banana,Satire,,5061
The Awaze Tribune,Satire,,27
The Beaverton,Satire,,21453
The Betoota Advocate,Satire,,16436
The Chaser,Satire,,15352
The Daily Currant,Satire,,15400
The Daily Discord,Satire,,12400
The Daily Mash,Satire,,286476
The Daily Mire,Satire,,60
The Daily News UK,Satire,,0
The Daily Squib,Satire,,16547
The Dandy Goat,Satire,,24484
The Halfway Post,Satire,,3612
The Hard Times,Satire,,32180
The Lapine,Satire,,3910
The News Nerd,Satire,,507
The Onion,Satire,,4786292
The Out and Abouter,Satire,,129
The People s Cube,Satire,,959059
The Political Garbage Chute,Satire,,27920
The Postillion,Satire,,6239
The Racket Report,Satire,,103
The Red Shtick,Satire,,15850
The Resistance: The Last Line of Defense,Satire,,252
The Science Post,Satire,,5957
The Seattle Tribune,Satire,,3239
The Shovel,Satire,,6095
The Spoof,Satire,,202267
The Times,Satire,,3
The Underground Report,Satire,,104
The Unreal Times,Satire,,3092
Truth Bang,Satire,,390
Truthbrary,Satire,,555
USPOLN,Satire,,415
Viral Cords,Satire,,55
Waterford Whispers News,Satire,,9027
World News Daily,Satire,,15260
Wyoming Institute of Technology (WIT),Satire,,807